{"cameraMode":{"drawMode":0,"name":"Shaded","section":"Shading Mode"},"sceneLighting":false,"audioPlay":false,"sceneViewState":{"showFog":true,"showMaterialUpdate":false,"showSkybox":false,"showFlares":true,"showImageEffects":true,"showParticleSystems":true,"showVisualEffectGraphs":true,"m_FxEnabled":true},"in2DMode":false,"pivot":{"x":28.844924926757814,"y":2.1510114669799806,"z":-21.581562042236329},"rotation":{"x":0.05866870656609535,"y":0.9390605092048645,"z":-0.2034044861793518,"w":0.27084392309188845},"size":0.47320544719696047,"orthographic":false}